{
  "backtest_id": "019e333a-b1bf-71ea-b686-1e1e00c97f63",
  "duration_seconds": 32399.284,
  "market_record_count": 245206,
  "intent_record_count": 79,
  "fill_count": 79,
  "total_volume": 7.9e-05,
  "total_notional": 6.3257129999999995,
  "final_position": 1e-06,
  "final_positions": {
    "(1, 1)": 1e-06
  },
  "total_fees": 0.0007286463909115273,
  "final_pnl": 0.00045685360908899464,
  "final_pnl_by_symbol": {
    "(1, 1)": 0.00045685360908899464
  },
  "sharpe": 0.010754935517053869,
  "sortino": 0.012024818373589985,
  "sharpe_std": 0.06077116361598467,
  "pct_positive_buckets": 0.8,
  "warnings": []
}
