{
  "backtest_id": "019e33b2-ac1b-7555-a926-2e18d0cd2493",
  "duration_seconds": 32399.284,
  "market_record_count": 245206,
  "intent_record_count": 205,
  "fill_count": 205,
  "total_volume": 0.000205,
  "total_notional": 16.415053,
  "final_position": -1e-06,
  "final_positions": {
    "(1, 1)": -1e-06
  },
  "total_fees": 0.0018907912675552292,
  "final_pnl": -0.001420291267553872,
  "final_pnl_by_symbol": {
    "(1, 1)": -0.001420291267553872
  },
  "sharpe": -0.03332071718124957,
  "sortino": -0.03638410596863641,
  "sharpe_std": 0.07657649457967042,
  "pct_positive_buckets": 0.4,
  "warnings": []
}
