{
  "backtest_id": "019e3196-9ea9-72d1-9e9d-4beda71b1087",
  "duration_seconds": 259199.95,
  "market_record_count": 2210350,
  "intent_record_count": 27350,
  "fill_count": 27350,
  "total_volume": 27.35,
  "total_notional": 2193587.78584,
  "final_position": 0.0,
  "final_positions": {
    "(1, 1)": -0.001,
    "(1, 28)": 0.001
  },
  "total_fees": 0.25225922520797817,
  "final_pnl": 19.210460774914864,
  "final_pnl_by_symbol": {
    "(1, 1)": 55.01823038745684,
    "(1, 28)": -35.807769612541975
  },
  "sharpe": 0.081068241669491,
  "sortino": 0.07579732521197827,
  "sharpe_std": 0.010089832865774424,
  "pct_positive_buckets": 1.0,
  "warnings": []
}
