{
  "backtest_id": "019e3b27-7f5b-7149-908e-4e48b9f11266",
  "duration_seconds": 259199.95,
  "market_record_count": 2210350,
  "intent_record_count": 3726,
  "fill_count": 3726,
  "total_volume": 3.726,
  "total_notional": 298867.4858,
  "final_position": 0.0,
  "final_positions": {
    "(1, 1)": -0.001,
    "(1, 28)": 0.001
  },
  "total_fees": 119.54699432000001,
  "final_pnl": -112.31985431999982,
  "final_pnl_by_symbol": {
    "(1, 1)": -51.35141325599999,
    "(1, 28)": -60.96844106399983
  },
  "sharpe": -0.22032645445866333,
  "sortino": -0.10212753238977453,
  "sharpe_std": 0.010043101449136487,
  "pct_positive_buckets": 0.0,
  "warnings": []
}
