{
  "backtest_id": "019e33c4-f337-760c-9837-efeaccce8456",
  "duration_seconds": 32399.284,
  "market_record_count": 245206,
  "intent_record_count": 147,
  "fill_count": 147,
  "total_volume": 0.000147,
  "total_notional": 11.768753,
  "final_position": 1e-06,
  "final_positions": {
    "(1, 1)": 1e-06
  },
  "total_fees": 0.0013558356894176522,
  "final_pnl": 0.0008976643105833293,
  "final_pnl_by_symbol": {
    "(1, 1)": 0.0008976643105833293
  },
  "sharpe": 0.021653650688887277,
  "sortino": 0.024227365326166594,
  "sharpe_std": 0.03708120754253371,
  "pct_positive_buckets": 0.6,
  "warnings": []
}
