{
  "backtest_id": "019e387e-71cc-7760-ab09-c5e149145dc9",
  "duration_seconds": 259199.95,
  "market_record_count": 2210350,
  "intent_record_count": 4530,
  "fill_count": 4530,
  "total_volume": 4.53,
  "total_notional": 363415.99973000004,
  "final_position": 0.0,
  "final_positions": {
    "(1, 1)": -0.001,
    "(1, 28)": 0.001
  },
  "total_fees": 0.04178187532695214,
  "final_pnl": 8.257568124693847,
  "final_pnl_by_symbol": {
    "(1, 1)": 11.62222906234689,
    "(1, 28)": -3.364660937653042
  },
  "sharpe": 0.037395376793773305,
  "sortino": 0.047327252248249796,
  "sharpe_std": 0.009663100568124429,
  "pct_positive_buckets": 1.0,
  "warnings": []
}
