{
  "backtest_id": "019e3164-3ff9-75ea-8c4c-4664f942916b",
  "duration_seconds": 259199.95,
  "market_record_count": 2210350,
  "intent_record_count": 5544,
  "fill_count": 5544,
  "total_volume": 5.5440000000000005,
  "total_notional": 445140.1558,
  "final_position": 0.0,
  "final_positions": {
    "(1, 1)": 0.0,
    "(1, 28)": 0.0
  },
  "total_fees": 0.05113437457232288,
  "final_pnl": 3.837705625452699,
  "final_pnl_by_symbol": {
    "(1, 1)": 7.547562812726255,
    "(1, 28)": -3.709857187273556
  },
  "sharpe": 0.026652338516712573,
  "sortino": 0.011523285281081475,
  "sharpe_std": 0.009334806596131407,
  "pct_positive_buckets": 1.0,
  "warnings": []
}
