{
  "backtest_id": "019e2316-b865-78e3-9352-b8513acdeb65",
  "duration_seconds": 79215.058,
  "market_record_count": 2043501,
  "intent_record_count": 4,
  "fill_count": 4,
  "total_volume": 2.0,
  "total_notional": 161269.6082829995,
  "final_position": 0.0,
  "final_positions": {
    "(1, 28)": 0.0,
    "(2, 1)": 1.0,
    "(1, 1)": -1.0
  },
  "total_fees": 3.689348814741911e-05,
  "final_pnl": -19.658319893002044,
  "final_pnl_by_symbol": {
    "(1, 28)": 0.0,
    "(2, 1)": -1163.1583014462522,
    "(1, 1)": 1143.49998155325
  },
  "sharpe": -0.0003456184738880851,
  "sortino": -0.0005033892796447481,
  "sharpe_std": 0.0009048679337674137,
  "pct_positive_buckets": 0.4,
  "warnings": []
}
