{
  "backtest_id": "019e3193-f2d8-76df-8878-aa4ac7ca1ab4",
  "duration_seconds": 259199.95,
  "market_record_count": 2210350,
  "intent_record_count": 21606,
  "fill_count": 21606,
  "total_volume": 21.606,
  "total_notional": 1732428.31397,
  "final_position": 0.0,
  "final_positions": {
    "(1, 1)": -0.001,
    "(1, 28)": 0.001
  },
  "total_fees": 0.1992801762282843,
  "final_pnl": 23.238609823867947,
  "final_pnl_by_symbol": {
    "(1, 1)": 51.05320991193355,
    "(1, 28)": -27.814600088065603
  },
  "sharpe": 0.09199754157159902,
  "sortino": 0.09635193499294006,
  "sharpe_std": 0.012954870818312385,
  "pct_positive_buckets": 1.0,
  "warnings": []
}
