{
  "backtest_id": "019e333b-6107-7bb0-8b73-471da90aa109",
  "duration_seconds": 32399.284,
  "market_record_count": 245206,
  "intent_record_count": 73,
  "fill_count": 73,
  "total_volume": 7.3e-05,
  "total_notional": 5.849062,
  "final_position": 1e-06,
  "final_positions": {
    "(1, 1)": 1e-06
  },
  "total_fees": 0.0006733061586903987,
  "final_pnl": -0.0008488061586899437,
  "final_pnl_by_symbol": {
    "(1, 1)": -0.0008488061586899437
  },
  "sharpe": -0.020768598809672665,
  "sortino": -0.02280974213150238,
  "sharpe_std": 0.03198955602960874,
  "pct_positive_buckets": 0.2,
  "warnings": []
}
