{
  "backtest_id": "019e33af-bae3-7f35-9641-7ccf063e0190",
  "duration_seconds": 32399.284,
  "market_record_count": 245206,
  "intent_record_count": 181,
  "fill_count": 181,
  "total_volume": 0.00018099999999999998,
  "total_notional": 14.496869,
  "final_position": -1e-06,
  "final_positions": {
    "(1, 1)": -1e-06
  },
  "total_fees": 0.0016694303386707147,
  "final_pnl": -0.001286930338669584,
  "final_pnl_by_symbol": {
    "(1, 1)": -0.001286930338669584
  },
  "sharpe": -0.03391185402404986,
  "sortino": -0.03387058228148581,
  "sharpe_std": 0.041480481484183804,
  "pct_positive_buckets": 0.6,
  "warnings": []
}
