{
  "backtest_id": "019e315b-f8cf-714b-aeef-ca14a7289a33",
  "duration_seconds": 259199.95,
  "market_record_count": 2210350,
  "intent_record_count": 13650,
  "fill_count": 13650,
  "total_volume": 13.65,
  "total_notional": 1094915.05131,
  "final_position": 0.0,
  "final_positions": {
    "(1, 1)": -0.001,
    "(1, 28)": 0.001
  },
  "total_fees": 0.1258990283030677,
  "final_pnl": 14.59869097175806,
  "final_pnl_by_symbol": {
    "(1, 1)": 30.52366048587885,
    "(1, 28)": -15.92496951412079
  },
  "sharpe": 0.07750187047119488,
  "sortino": 0.05881188328900371,
  "sharpe_std": 0.006956250388431623,
  "pct_positive_buckets": 1.0,
  "warnings": []
}
