{
  "backtest_id": "019e2c27-36ec-72cc-9f48-3f82bf85febd",
  "duration_seconds": 79215.058,
  "market_record_count": 2043501,
  "intent_record_count": 4,
  "fill_count": 4,
  "total_volume": 0.2268,
  "total_notional": 18256.05152999999,
  "final_position": 0.0,
  "final_positions": {
    "(1, 28)": 0.0,
    "(2, 1)": 0.0,
    "(1, 1)": 0.0
  },
  "total_fees": 3.689348814741911e-05,
  "final_pnl": -0.4347468934995504,
  "final_pnl_by_symbol": {
    "(1, 28)": -0.4513384467445576,
    "(2, 1)": 0.0,
    "(1, 1)": 0.016591553245007162
  },
  "sharpe": -0.011663443465853428,
  "sortino": 0.0,
  "sharpe_std": 0.011664236870396085,
  "pct_positive_buckets": 0.0,
  "warnings": []
}
