{
  "backtest_id": "019e38c8-fe9a-7342-806e-faf9bd588c72",
  "duration_seconds": 259199.95,
  "market_record_count": 2210350,
  "intent_record_count": 111270,
  "fill_count": 111270,
  "total_volume": 111.27,
  "total_notional": 8921672.16818,
  "final_position": 0.0,
  "final_positions": {
    "(1, 1)": -0.001,
    "(1, 28)": 0.001
  },
  "total_fees": 3568.668867272,
  "final_pnl": -3766.409827272001,
  "final_pnl_by_symbol": {
    "(1, 1)": -1763.6674476680028,
    "(1, 28)": -2002.7423796039982
  },
  "sharpe": -0.4401752247016447,
  "sortino": -0.3581361633855448,
  "sharpe_std": 0.020898828484394127,
  "pct_positive_buckets": 0.0,
  "warnings": []
}
