{
  "backtest_id": "019e33b0-91ea-703f-ac9d-c49a899d3c2a",
  "duration_seconds": 32399.284,
  "market_record_count": 245206,
  "intent_record_count": 153,
  "fill_count": 153,
  "total_volume": 0.000153,
  "total_notional": 12.24996,
  "final_position": -1e-06,
  "final_positions": {
    "(1, 1)": -1e-06
  },
  "total_fees": 0.0014111759216387809,
  "final_pnl": -0.0009796759216378348,
  "final_pnl_by_symbol": {
    "(1, 1)": -0.0009796759216378348
  },
  "sharpe": -0.025363560841456773,
  "sortino": -0.026216504785354058,
  "sharpe_std": 0.04698151925799014,
  "pct_positive_buckets": 0.4,
  "warnings": []
}
