{
  "backtest_id": "019e3164-70ae-79b6-8832-2a0dfa2a3c11",
  "duration_seconds": 259199.95,
  "market_record_count": 2210350,
  "intent_record_count": 1632,
  "fill_count": 1632,
  "total_volume": 1.6320000000000001,
  "total_notional": 131231.22783,
  "final_position": 0.0,
  "final_positions": {
    "(1, 1)": 0.0,
    "(1, 28)": 0.0
  },
  "total_fees": 0.015052543164146996,
  "final_pnl": 1.594537456843085,
  "final_pnl_by_symbol": {
    "(1, 1)": 2.055333728421502,
    "(1, 28)": -0.46079627157841685
  },
  "sharpe": 0.016379570478227416,
  "sortino": 0.005811626774790332,
  "sharpe_std": 0.01039123938687575,
  "pct_positive_buckets": 0.8,
  "warnings": []
}
