{
  "backtest_id": "019e33e3-c727-74cb-af46-b72d1720d660",
  "duration_seconds": 205199.535,
  "market_record_count": 1463076,
  "intent_record_count": 751,
  "fill_count": 751,
  "total_volume": 0.0751,
  "total_notional": 6022.797750000001,
  "final_position": 0.0001,
  "final_positions": {
    "(1, 1)": 0.0001
  },
  "total_fees": 0.006926752399677937,
  "final_pnl": 0.4223332476000392,
  "final_pnl_by_symbol": {
    "(1, 1)": 0.4223332476000392
  },
  "sharpe": 0.015329238487407474,
  "sortino": 0.018160087726911783,
  "sharpe_std": 0.013795084146866868,
  "pct_positive_buckets": 1.0,
  "warnings": []
}
