{
  "backtest_id": "019e33af-3a35-7cd7-b3c6-518b43a6cdc7",
  "duration_seconds": 32399.284,
  "market_record_count": 245206,
  "intent_record_count": 205,
  "fill_count": 205,
  "total_volume": 0.000205,
  "total_notional": 16.413762,
  "final_position": -1e-06,
  "final_positions": {
    "(1, 1)": -1e-06
  },
  "total_fees": 0.0018907912675552292,
  "final_pnl": -0.0019912912675539157,
  "final_pnl_by_symbol": {
    "(1, 1)": -0.0019912912675539157
  },
  "sharpe": -0.04949380998349236,
  "sortino": -0.05152123428046464,
  "sharpe_std": 0.03413816101073462,
  "pct_positive_buckets": 0.0,
  "warnings": []
}
