{
  "backtest_id": "019e3163-d4aa-7dab-b9bc-190445e99a4d",
  "duration_seconds": 259199.95,
  "market_record_count": 2210350,
  "intent_record_count": 10192,
  "fill_count": 10192,
  "total_volume": 10.192,
  "total_notional": 817989.63732,
  "final_position": 0.0,
  "final_positions": {
    "(1, 1)": 0.0,
    "(1, 28)": 0.0
  },
  "total_fees": 0.09400460779962388,
  "final_pnl": 6.048975392245765,
  "final_pnl_by_symbol": {
    "(1, 1)": 18.088407696122644,
    "(1, 28)": -12.039432303876879
  },
  "sharpe": 0.035304462652063065,
  "sortino": 0.019604330304753427,
  "sharpe_std": 0.011904496944880143,
  "pct_positive_buckets": 1.0,
  "warnings": []
}
