{
  "backtest_id": "019e3336-e75c-736b-843c-65c48a70ccb6",
  "duration_seconds": 32399.284,
  "market_record_count": 245206,
  "intent_record_count": 77,
  "fill_count": 77,
  "total_volume": 7.7e-05,
  "total_notional": 6.1666799999999995,
  "final_position": -1e-06,
  "final_positions": {
    "(1, 1)": -1e-06
  },
  "total_fees": 0.0007101996468378178,
  "final_pnl": -0.0005986996468373279,
  "final_pnl_by_symbol": {
    "(1, 1)": -0.0005986996468373279
  },
  "sharpe": -0.014209426509432481,
  "sortino": -0.015304644154020065,
  "sharpe_std": 0.05117315133900597,
  "pct_positive_buckets": 0.4,
  "warnings": []
}
