{
  "backtest_id": "019e319e-5e61-704b-882f-e92a015f0883",
  "duration_seconds": 259199.95,
  "market_record_count": 2210350,
  "intent_record_count": 22534,
  "fill_count": 22534,
  "total_volume": 22.534,
  "total_notional": 1807126.50411,
  "final_position": 0.0,
  "final_positions": {
    "(1, 1)": -0.001,
    "(1, 28)": 0.001
  },
  "total_fees": 0.20783946547848553,
  "final_pnl": 18.23303053462209,
  "final_pnl_by_symbol": {
    "(1, 1)": 49.16680026731072,
    "(1, 28)": -30.93376973268863
  },
  "sharpe": 0.07986387521532723,
  "sortino": 0.06887210282964801,
  "sharpe_std": 0.009421764761686149,
  "pct_positive_buckets": 1.0,
  "warnings": []
}
