{
  "backtest_id": "019e3332-ff82-722d-9a5d-fa4230e1603b",
  "duration_seconds": 32399.284,
  "market_record_count": 245206,
  "intent_record_count": 89,
  "fill_count": 89,
  "total_volume": 8.9e-05,
  "total_notional": 7.128526,
  "final_position": -1e-06,
  "final_positions": {
    "(1, 1)": -1e-06
  },
  "total_fees": 0.0008208801112800752,
  "final_pnl": -0.00020538011127949063,
  "final_pnl_by_symbol": {
    "(1, 1)": -0.00020538011127949063
  },
  "sharpe": -0.0057377432193204845,
  "sortino": -0.005205632599924204,
  "sharpe_std": 0.06170185976977076,
  "pct_positive_buckets": 0.4,
  "warnings": []
}
