{
  "backtest_id": "019e33af-e9e0-731a-bb30-babcba0d9f9c",
  "duration_seconds": 32399.284,
  "market_record_count": 245206,
  "intent_record_count": 205,
  "fill_count": 205,
  "total_volume": 0.000205,
  "total_notional": 16.415138,
  "final_position": -1e-06,
  "final_positions": {
    "(1, 1)": -1e-06
  },
  "total_fees": 0.0018907912675552292,
  "final_pnl": -0.003003291267554012,
  "final_pnl_by_symbol": {
    "(1, 1)": -0.003003291267554012
  },
  "sharpe": -0.07019801131716512,
  "sortino": -0.07945031121943566,
  "sharpe_std": 0.049882167923669,
  "pct_positive_buckets": 0.0,
  "warnings": []
}
