{
  "backtest_id": "019e3889-a4dd-70fc-a0d2-3402c6ee60ff",
  "duration_seconds": 259199.95,
  "market_record_count": 2210350,
  "intent_record_count": 22342,
  "fill_count": 22342,
  "total_volume": 22.342,
  "total_notional": 1791966.44202,
  "final_position": 0.0,
  "final_positions": {
    "(1, 1)": -0.001,
    "(1, 28)": 0.001
  },
  "total_fees": 0.2060685780474094,
  "final_pnl": 24.20659142205274,
  "final_pnl_by_symbol": {
    "(1, 1)": 52.17712571102615,
    "(1, 28)": -27.97053428897341
  },
  "sharpe": 0.0934467581837125,
  "sortino": 0.09854336276585349,
  "sharpe_std": 0.010207588196714494,
  "pct_positive_buckets": 1.0,
  "warnings": []
}
