{
  "backtest_id": "019e3197-2212-7bdb-9ed0-826173424ac1",
  "duration_seconds": 259199.95,
  "market_record_count": 2210350,
  "intent_record_count": 22810,
  "fill_count": 22810,
  "total_volume": 22.81,
  "total_notional": 1829239.67307,
  "final_position": 0.0,
  "final_positions": {
    "(1, 1)": -0.001,
    "(1, 28)": 0.001
  },
  "total_fees": 0.21038511616065747,
  "final_pnl": 23.016924883941286,
  "final_pnl_by_symbol": {
    "(1, 1)": 52.8742974419701,
    "(1, 28)": -29.857372558028814
  },
  "sharpe": 0.08860669001814492,
  "sortino": 0.09294922344339894,
  "sharpe_std": 0.013808702822882098,
  "pct_positive_buckets": 1.0,
  "warnings": []
}
