{
  "backtest_id": "019e3cc6-8694-7120-bd58-8bb2b659a046",
  "duration_seconds": 259199.95,
  "market_record_count": 2210350,
  "intent_record_count": 212,
  "fill_count": 212,
  "total_volume": 0.212,
  "total_notional": 17169.41902,
  "final_position": 0.0,
  "final_positions": {
    "(1, 1)": 0.0,
    "(1, 28)": 0.0
  },
  "total_fees": 6.867767608,
  "final_pnl": -7.0269476080001425,
  "final_pnl_by_symbol": {
    "(1, 1)": -3.363591568000132,
    "(1, 28)": -3.6633560400000107
  },
  "sharpe": -0.042307363128251,
  "sortino": -0.003803234292281888,
  "sharpe_std": 0.0424596689576469,
  "pct_positive_buckets": 0.0,
  "warnings": []
}
