{
  "backtest_id": "019e333e-2eb2-7114-827b-92c40b65364a",
  "duration_seconds": 32399.284,
  "market_record_count": 245206,
  "intent_record_count": 49,
  "fill_count": 49,
  "total_volume": 4.9e-05,
  "total_notional": 3.917829,
  "final_position": 1e-06,
  "final_positions": {
    "(1, 1)": 1e-06
  },
  "total_fees": 0.00045194522980588405,
  "final_pnl": -0.0008764452298055669,
  "final_pnl_by_symbol": {
    "(1, 1)": -0.0008764452298055669
  },
  "sharpe": -0.02151441993160498,
  "sortino": -0.021118664657467916,
  "sharpe_std": 0.0696698076084709,
  "pct_positive_buckets": 0.4,
  "warnings": []
}
