{
  "backtest_id": "019e388d-0c15-7f1d-b9e1-a9f649ec9e21",
  "duration_seconds": 259199.95,
  "market_record_count": 2210350,
  "intent_record_count": 20102,
  "fill_count": 20102,
  "total_volume": 20.102,
  "total_notional": 1612227.17143,
  "final_position": 0.0,
  "final_positions": {
    "(1, 1)": -0.001,
    "(1, 28)": 0.001
  },
  "total_fees": 0.1854082246848547,
  "final_pnl": 24.996261775404847,
  "final_pnl_by_symbol": {
    "(1, 1)": 49.62866588770231,
    "(1, 28)": -24.632404112297465
  },
  "sharpe": 0.10021535579329445,
  "sortino": 0.1055328790975243,
  "sharpe_std": 0.011483568915106832,
  "pct_positive_buckets": 1.0,
  "warnings": []
}
