{
  "backtest_id": "019e2305-9009-778a-b365-2cfcf8ebddea",
  "duration_seconds": 79215.058,
  "market_record_count": 2043501,
  "intent_record_count": 4,
  "fill_count": 4,
  "total_volume": 0.4,
  "total_notional": 32165.500109,
  "final_position": 0.0,
  "final_positions": {
    "(1, 28)": 0.0,
    "(2, 1)": -0.2,
    "(1, 1)": 0.2
  },
  "total_fees": 3.689348814741911e-05,
  "final_pnl": 0.5100721065118705,
  "final_pnl_by_symbol": {
    "(1, 28)": 0.0,
    "(2, 1)": 186.71009055325703,
    "(1, 1)": -186.20001844674516
  },
  "sharpe": 4.534206439349849e-05,
  "sortino": 6.488405937463335e-05,
  "sharpe_std": 0.0007606732573828875,
  "pct_positive_buckets": 0.4,
  "warnings": []
}
