{
  "backtest_id": "019e3168-4a98-7b19-9d31-a201e648ccea",
  "duration_seconds": 259199.95,
  "market_record_count": 2210350,
  "intent_record_count": 4128,
  "fill_count": 4128,
  "total_volume": 4.128,
  "total_notional": 331794.24129000003,
  "final_position": 0.0,
  "final_positions": {
    "(1, 1)": 0.0,
    "(1, 28)": 0.0
  },
  "total_fees": 0.038074079768136516,
  "final_pnl": 3.4855959202503755,
  "final_pnl_by_symbol": {
    "(1, 1)": 4.756372960124992,
    "(1, 28)": -1.2707770398746163
  },
  "sharpe": 0.026037961098607818,
  "sortino": 0.011859069428926564,
  "sharpe_std": 0.003778052420374177,
  "pct_positive_buckets": 1.0,
  "warnings": []
}
