{
  "backtest_id": "019e3160-14b6-7eac-bddd-bf086c04af76",
  "duration_seconds": 259199.95,
  "market_record_count": 2210350,
  "intent_record_count": 21620,
  "fill_count": 21620,
  "total_volume": 21.62,
  "total_notional": 1734523.7727899998,
  "final_position": 0.0,
  "final_positions": {
    "(1, 1)": 0.0,
    "(1, 28)": 0.0
  },
  "total_fees": 0.19940930343680027,
  "final_pnl": 8.860880696660004,
  "final_pnl_by_symbol": {
    "(1, 1)": 38.002705348329854,
    "(1, 28)": -29.14182465166985
  },
  "sharpe": 0.04275026051876727,
  "sortino": 0.03034044973289083,
  "sharpe_std": 0.014026665859644297,
  "pct_positive_buckets": 1.0,
  "warnings": []
}
