{
  "backtest_id": "019e33b1-89b2-7dfc-ac65-9fc3205354af",
  "duration_seconds": 32399.284,
  "market_record_count": 245206,
  "intent_record_count": 221,
  "fill_count": 221,
  "total_volume": 0.00022099999999999998,
  "total_notional": 17.688288,
  "final_position": -1e-06,
  "final_positions": {
    "(1, 1)": -1e-06
  },
  "total_fees": 0.0020383652201449057,
  "final_pnl": -0.0016808652201434487,
  "final_pnl_by_symbol": {
    "(1, 1)": -0.0016808652201434487
  },
  "sharpe": -0.041983244857643424,
  "sortino": -0.04209066116910882,
  "sharpe_std": 0.04967892023832488,
  "pct_positive_buckets": 0.2,
  "warnings": []
}
