{
  "backtest_id": "019e3331-8dce-7aa2-847c-fe3763adb1ca",
  "duration_seconds": 32399.284,
  "market_record_count": 245206,
  "intent_record_count": 109,
  "fill_count": 109,
  "total_volume": 0.00010899999999999999,
  "total_notional": 8.728031,
  "final_position": -1e-06,
  "final_positions": {
    "(1, 1)": -1e-06
  },
  "total_fees": 0.0010053475520171707,
  "final_pnl": 0.00016315244798356665,
  "final_pnl_by_symbol": {
    "(1, 1)": 0.00016315244798356665
  },
  "sharpe": 0.0039004789714920376,
  "sortino": 0.004574130778655124,
  "sharpe_std": 0.038835793336446246,
  "pct_positive_buckets": 0.6,
  "warnings": []
}
