{
  "backtest_id": "019e38ab-dff1-78c7-8d32-4bfa1598e67b",
  "duration_seconds": 259199.95,
  "market_record_count": 2210350,
  "intent_record_count": 20470,
  "fill_count": 20470,
  "total_volume": 20.47,
  "total_notional": 1641816.48658,
  "final_position": 0.0,
  "final_positions": {
    "(1, 1)": -0.001,
    "(1, 28)": 0.001
  },
  "total_fees": 656.726594632,
  "final_pnl": -629.2347346320025,
  "final_pnl_by_symbol": {
    "(1, 1)": -275.82773922800226,
    "(1, 28)": -353.40699540400027
  },
  "sharpe": -0.4246678085358545,
  "sortino": -0.3407859591965782,
  "sharpe_std": 0.026027784256846632,
  "pct_positive_buckets": 0.0,
  "warnings": []
}
