{
  "backtest_id": "019e31bc-7e08-76fc-af1b-15a88c8477bb",
  "duration_seconds": 259199.95,
  "market_record_count": 2210350,
  "intent_record_count": 72,
  "fill_count": 72,
  "total_volume": 1.428,
  "total_notional": 114885.00486,
  "final_position": -0.012,
  "final_positions": {
    "(1, 1)": -0.012,
    "(1, 28)": 0.0
  },
  "total_fees": 0.0006640827866535439,
  "final_pnl": 19.14955591721707,
  "final_pnl_by_symbol": {
    "(1, 1)": 22.126947958608184,
    "(1, 28)": -2.977392041391113
  },
  "sharpe": 0.004553910773985027,
  "sortino": 0.005264647791149449,
  "sharpe_std": 0.0190864375504073,
  "pct_positive_buckets": 0.8,
  "warnings": []
}
