{
  "backtest_id": "019e3331-7385-7d03-be42-f2f6ab929f6e",
  "duration_seconds": 32399.284,
  "market_record_count": 245206,
  "intent_record_count": 145,
  "fill_count": 145,
  "total_volume": 0.000145,
  "total_notional": 11.611011,
  "final_position": 1e-06,
  "final_positions": {
    "(1, 1)": 1e-06
  },
  "total_fees": 0.0013373889453439426,
  "final_pnl": 0.0013321110546570536,
  "final_pnl_by_symbol": {
    "(1, 1)": 0.0013321110546570536
  },
  "sharpe": 0.032130671796466004,
  "sortino": 0.03632577032723112,
  "sharpe_std": 0.03385325079614958,
  "pct_positive_buckets": 0.8,
  "warnings": []
}
