{
  "backtest_id": "019e3164-16d1-72e3-a8e3-37a6d2524ecf",
  "duration_seconds": 259199.95,
  "market_record_count": 2210350,
  "intent_record_count": 8504,
  "fill_count": 8504,
  "total_volume": 8.504,
  "total_notional": 682611.22835,
  "final_position": 0.0,
  "final_positions": {
    "(1, 1)": 0.0,
    "(1, 28)": 0.0
  },
  "total_fees": 0.07843555580141302,
  "final_pnl": 10.378354444236265,
  "final_pnl_by_symbol": {
    "(1, 1)": 19.350032222117747,
    "(1, 28)": -8.971677777881482
  },
  "sharpe": 0.059462081850429324,
  "sortino": 0.04198196622205435,
  "sharpe_std": 0.00828667939720467,
  "pct_positive_buckets": 1.0,
  "warnings": []
}
