{
  "backtest_id": "019e2c4e-2dc5-7c9c-bdbf-b76fc9c34dd6",
  "duration_seconds": 79215.058,
  "market_record_count": 2043501,
  "intent_record_count": 236,
  "fill_count": 236,
  "total_volume": 2.3578799999999998,
  "total_notional": 189815.36867,
  "final_position": 0.0,
  "final_positions": {
    "(1, 28)": 0.0,
    "(2, 1)": 0.0,
    "(1, 1)": 0.0
  },
  "total_fees": 0.0021767158006977274,
  "final_pnl": -2.9062667157826354,
  "final_pnl_by_symbol": {
    "(1, 28)": -5.019528357894956,
    "(2, 1)": 0.0,
    "(1, 1)": 2.1132616421123203
  },
  "sharpe": -0.041323827965541474,
  "sortino": -0.005463922470202703,
  "sharpe_std": 0.04145726606644941,
  "pct_positive_buckets": 0.0,
  "warnings": []
}
