{
  "backtest_id": "019e3b27-908f-7be7-9baf-7c04716531da",
  "duration_seconds": 259199.95,
  "market_record_count": 2210350,
  "intent_record_count": 500,
  "fill_count": 500,
  "total_volume": 0.5,
  "total_notional": 40313.98188,
  "final_position": 0.0,
  "final_positions": {
    "(1, 1)": 0.0,
    "(1, 28)": 0.0
  },
  "total_fees": 16.125592752,
  "final_pnl": -15.684032752000107,
  "final_pnl_by_symbol": {
    "(1, 1)": -7.476452284000061,
    "(1, 28)": -8.207580468000046
  },
  "sharpe": -0.07018936627056023,
  "sortino": -0.010343187692758037,
  "sharpe_std": 0.029449373180238155,
  "pct_positive_buckets": 0.0,
  "warnings": []
}
