{
  "backtest_id": "019e3199-2f47-7406-a996-ae5e22f38b06",
  "duration_seconds": 259199.95,
  "market_record_count": 2210350,
  "intent_record_count": 33838,
  "fill_count": 33838,
  "total_volume": 33.838,
  "total_notional": 2713563.14496,
  "final_position": 0.0,
  "final_positions": {
    "(1, 1)": -0.001,
    "(1, 28)": 0.001
  },
  "total_fees": 0.31210046298309196,
  "final_pnl": 19.12101953716858,
  "final_pnl_by_symbol": {
    "(1, 1)": 64.4621697685835,
    "(1, 28)": -45.341150231414915
  },
  "sharpe": 0.07428856381149314,
  "sortino": 0.07116657967846236,
  "sharpe_std": 0.01315629404724576,
  "pct_positive_buckets": 1.0,
  "warnings": []
}
