{
  "backtest_id": "019e33ec-0492-7ae2-aa09-40a74f3e98e5",
  "duration_seconds": 205199.535,
  "market_record_count": 1463076,
  "intent_record_count": 940,
  "fill_count": 940,
  "total_volume": 0.094,
  "total_notional": 7541.5601400000005,
  "final_position": 0.0,
  "final_positions": {
    "(1, 1)": 0.0
  },
  "total_fees": 0.00866996971464349,
  "final_pnl": -0.09060996971502444,
  "final_pnl_by_symbol": {
    "(1, 1)": -0.09060996971502444
  },
  "sharpe": -0.0036984601088322967,
  "sortino": -0.0039047016371507094,
  "sharpe_std": 0.011869968621942792,
  "pct_positive_buckets": 0.6,
  "warnings": []
}
