{
  "backtest_id": "019e389c-b844-7723-8618-a5069ce2db34",
  "duration_seconds": 259199.95,
  "market_record_count": 2210350,
  "intent_record_count": 21526,
  "fill_count": 21526,
  "total_volume": 21.526,
  "total_notional": 1726430.5812,
  "final_position": 0.0,
  "final_positions": {
    "(1, 1)": -0.001,
    "(1, 28)": 0.001
  },
  "total_fees": 0.19854230646533594,
  "final_pnl": 27.433457693630928,
  "final_pnl_by_symbol": {
    "(1, 1)": 53.762898846815006,
    "(1, 28)": -26.329441153184078
  },
  "sharpe": 0.10863316674310583,
  "sortino": 0.11935753179145826,
  "sharpe_std": 0.007606036783622853,
  "pct_positive_buckets": 1.0,
  "warnings": []
}
