{
  "backtest_id": "019e315c-33dc-7ed8-ac57-aba41d6e7c61",
  "duration_seconds": 259199.95,
  "market_record_count": 2210350,
  "intent_record_count": 2712,
  "fill_count": 2712,
  "total_volume": 2.712,
  "total_notional": 217725.28063,
  "final_position": 0.0,
  "final_positions": {
    "(1, 1)": 0.0,
    "(1, 28)": 0.0
  },
  "total_fees": 0.025013784963950153,
  "final_pnl": 2.296696215048044,
  "final_pnl_by_symbol": {
    "(1, 1)": 5.045563107523833,
    "(1, 28)": -2.748866892475789
  },
  "sharpe": 0.021615172397965055,
  "sortino": 0.008347917069362134,
  "sharpe_std": 0.008943810939138376,
  "pct_positive_buckets": 1.0,
  "warnings": []
}
