{
  "backtest_id": "019e3193-f12f-77d2-a7b8-6db36bcb041c",
  "duration_seconds": 259199.95,
  "market_record_count": 2210350,
  "intent_record_count": 31626,
  "fill_count": 31626,
  "total_volume": 31.626,
  "total_notional": 2536170.13605,
  "final_position": 0.0,
  "final_positions": {
    "(1, 1)": -0.001,
    "(1, 28)": 0.001
  },
  "total_fees": 0.29169836403756916,
  "final_pnl": 19.293351636104603,
  "final_pnl_by_symbol": {
    "(1, 1)": 61.11843081805168,
    "(1, 28)": -41.825079181947075
  },
  "sharpe": 0.07725689823668072,
  "sortino": 0.07405583876752198,
  "sharpe_std": 0.012150753592639603,
  "pct_positive_buckets": 1.0,
  "warnings": []
}
