{
  "backtest_id": "019e3889-c369-7ae3-8103-da98373e93fc",
  "duration_seconds": 259199.95,
  "market_record_count": 2210350,
  "intent_record_count": 21698,
  "fill_count": 21698,
  "total_volume": 21.698,
  "total_notional": 1740111.20842,
  "final_position": 0.0,
  "final_positions": {
    "(1, 1)": -0.001,
    "(1, 28)": 0.001
  },
  "total_fees": 0.20012872645567495,
  "final_pnl": 23.212951273641536,
  "final_pnl_by_symbol": {
    "(1, 1)": 50.55783563682047,
    "(1, 28)": -27.344884363178934
  },
  "sharpe": 0.0917604492544429,
  "sortino": 0.09826089959426905,
  "sharpe_std": 0.010904703296370135,
  "pct_positive_buckets": 1.0,
  "warnings": []
}
