{
  "backtest_id": "019e3b27-908e-79dd-b261-8849cacdc4b0",
  "duration_seconds": 259199.95,
  "market_record_count": 2210350,
  "intent_record_count": 476,
  "fill_count": 476,
  "total_volume": 0.47600000000000003,
  "total_notional": 38376.22205,
  "final_position": 0.0,
  "final_positions": {
    "(1, 1)": 0.0,
    "(1, 28)": 0.0
  },
  "total_fees": 15.35048882,
  "final_pnl": -14.723178820000058,
  "final_pnl_by_symbol": {
    "(1, 1)": -6.6321217880000205,
    "(1, 28)": -8.091057032000037
  },
  "sharpe": -0.06935627362264768,
  "sortino": -0.010304314606434328,
  "sharpe_std": 0.028998405447820196,
  "pct_positive_buckets": 0.0,
  "warnings": []
}
