{
  "backtest_id": "019e38a9-d57f-7180-a7a6-daecef5ef076",
  "duration_seconds": 259199.95,
  "market_record_count": 2210350,
  "intent_record_count": 20094,
  "fill_count": 20094,
  "total_volume": 20.094,
  "total_notional": 1611651.9906000001,
  "final_position": 0.0,
  "final_positions": {
    "(1, 1)": -0.001,
    "(1, 28)": 0.001
  },
  "total_fees": 0.1853344377085599,
  "final_pnl": 27.75730556238105,
  "final_pnl_by_symbol": {
    "(1, 1)": 50.96246278119031,
    "(1, 28)": -23.205157218809262
  },
  "sharpe": 0.11371569801771488,
  "sortino": 0.12554086876921972,
  "sharpe_std": 0.007995743888055164,
  "pct_positive_buckets": 1.0,
  "warnings": []
}
