{
  "backtest_id": "019e3332-fb13-7994-8b1f-8e76712b8fb6",
  "duration_seconds": 32399.284,
  "market_record_count": 245206,
  "intent_record_count": 71,
  "fill_count": 71,
  "total_volume": 7.099999999999999e-05,
  "total_notional": 5.68296,
  "final_position": -1e-06,
  "final_positions": {
    "(1, 1)": -1e-06
  },
  "total_fees": 0.0006548594146166891,
  "final_pnl": -0.0007053594146161912,
  "final_pnl_by_symbol": {
    "(1, 1)": -0.0007053594146161912
  },
  "sharpe": -0.017302870517236495,
  "sortino": -0.019960625463096758,
  "sharpe_std": 0.04597307458148361,
  "pct_positive_buckets": 0.4,
  "warnings": []
}
