{
  "backtest_id": "019e315c-14bb-7e36-afa4-be7f9d8a6302",
  "duration_seconds": 259199.95,
  "market_record_count": 2210350,
  "intent_record_count": 17120,
  "fill_count": 17120,
  "total_volume": 17.12,
  "total_notional": 1373696.11883,
  "final_position": 0.0,
  "final_positions": {
    "(1, 1)": 0.0,
    "(1, 28)": 0.0
  },
  "total_fees": 0.1579041292709538,
  "final_pnl": 17.27476587080548,
  "final_pnl_by_symbol": {
    "(1, 1)": 40.22223793540253,
    "(1, 28)": -22.94747206459705
  },
  "sharpe": 0.08050341583491995,
  "sortino": 0.06740652245475308,
  "sharpe_std": 0.008780719145201172,
  "pct_positive_buckets": 1.0,
  "warnings": []
}
