{
  "backtest_id": "019e319e-b578-78e1-94c3-75e23a785f5a",
  "duration_seconds": 259199.95,
  "market_record_count": 2210350,
  "intent_record_count": 21598,
  "fill_count": 21598,
  "total_volume": 21.598,
  "total_notional": 1732312.00843,
  "final_position": 0.0,
  "final_positions": {
    "(1, 1)": -0.001,
    "(1, 28)": 0.001
  },
  "total_fees": 0.19920638925198947,
  "final_pnl": 24.462143610844464,
  "final_pnl_by_symbol": {
    "(1, 1)": 52.306606805422064,
    "(1, 28)": -27.8444631945776
  },
  "sharpe": 0.0936162238286603,
  "sortino": 0.096869684948335,
  "sharpe_std": 0.008523919956626129,
  "pct_positive_buckets": 1.0,
  "warnings": []
}
