{
  "backtest_id": "019e3164-27f5-7541-8be4-adaaf7ceaeee",
  "duration_seconds": 259199.95,
  "market_record_count": 2210350,
  "intent_record_count": 4872,
  "fill_count": 4872,
  "total_volume": 4.872,
  "total_notional": 391235.38112000003,
  "final_position": 0.0,
  "final_positions": {
    "(1, 1)": 0.0,
    "(1, 28)": 0.0
  },
  "total_fees": 0.044936268563556474,
  "final_pnl": 6.362443731458299,
  "final_pnl_by_symbol": {
    "(1, 1)": 8.645541865728958,
    "(1, 28)": -2.2830981342706593
  },
  "sharpe": 0.04293159180259203,
  "sortino": 0.023915947221130267,
  "sharpe_std": 0.006868628220593092,
  "pct_positive_buckets": 1.0,
  "warnings": []
}
