{
  "backtest_id": "019e3301-b622-7e49-b4d6-fc0419dd2f74",
  "duration_seconds": 32399.284,
  "market_record_count": 245206,
  "intent_record_count": 27060,
  "fill_count": 27060,
  "total_volume": 0.047134,
  "total_notional": 3780.695865,
  "final_position": 3.999999999999864e-06,
  "final_positions": {
    "(1, 1)": 3.999999999999864e-06
  },
  "total_fees": 0.24957522394525342,
  "final_pnl": -0.39832622394519723,
  "final_pnl_by_symbol": {
    "(1, 1)": -0.39832622394519723
  },
  "sharpe": -0.8045979115771694,
  "sortino": -0.7899867278187643,
  "sharpe_std": 0.10411324996348226,
  "pct_positive_buckets": 0.0,
  "warnings": []
}
