{
  "backtest_id": "019e38a6-54c0-71b8-a096-6673fc1e5243",
  "duration_seconds": 259199.95,
  "market_record_count": 2210350,
  "intent_record_count": 22086,
  "fill_count": 22086,
  "total_volume": 22.086000000000002,
  "total_notional": 1771355.3003500002,
  "final_position": 0.0,
  "final_positions": {
    "(1, 1)": -0.001,
    "(1, 28)": 0.001
  },
  "total_fees": 0.2037073948059746,
  "final_pnl": 26.865902605292575,
  "final_pnl_by_symbol": {
    "(1, 1)": 54.49335630264571,
    "(1, 28)": -27.627453697353133
  },
  "sharpe": 0.10525465008337945,
  "sortino": 0.1141561182079849,
  "sharpe_std": 0.010552422014664307,
  "pct_positive_buckets": 1.0,
  "warnings": []
}
