{
  "backtest_id": "019e3cc4-cc58-791b-b3e0-8a9e468f1daa",
  "duration_seconds": 259199.95,
  "market_record_count": 2210350,
  "intent_record_count": 10688,
  "fill_count": 10688,
  "total_volume": 10.688,
  "total_notional": 857633.65662,
  "final_position": 0.0,
  "final_positions": {
    "(1, 1)": 0.0,
    "(1, 28)": 0.0
  },
  "total_fees": 343.053462648,
  "final_pnl": -336.42718264800106,
  "final_pnl_by_symbol": {
    "(1, 1)": -152.1861767880008,
    "(1, 28)": -184.24100586000026
  },
  "sharpe": -0.3510763963023163,
  "sortino": -0.2317979770044918,
  "sharpe_std": 0.0123622345201822,
  "pct_positive_buckets": 0.0,
  "warnings": []
}
