{
  "backtest_id": "019e3167-9305-7bd7-bc40-c5d978ae7908",
  "duration_seconds": 259199.95,
  "market_record_count": 2210350,
  "intent_record_count": 14636,
  "fill_count": 14636,
  "total_volume": 14.636000000000001,
  "total_notional": 1175610.7915400001,
  "final_position": 0.0,
  "final_positions": {
    "(1, 1)": 0.0,
    "(1, 28)": 0.0
  },
  "total_fees": 0.13499327313140652,
  "final_pnl": 7.668106726934454,
  "final_pnl_by_symbol": {
    "(1, 1)": 27.448253363467146,
    "(1, 28)": -19.78014663653269
  },
  "sharpe": 0.039302018484665434,
  "sortino": 0.027118020736319193,
  "sharpe_std": 0.013363273963254988,
  "pct_positive_buckets": 1.0,
  "warnings": []
}
