{
  "backtest_id": "019e3160-3aa7-7126-84ce-b2f5c959455f",
  "duration_seconds": 259199.95,
  "market_record_count": 2210350,
  "intent_record_count": 1976,
  "fill_count": 1976,
  "total_volume": 1.976,
  "total_notional": 158794.67376,
  "final_position": 0.0,
  "final_positions": {
    "(1, 1)": 0.0,
    "(1, 28)": 0.0
  },
  "total_fees": 0.01822538314482504,
  "final_pnl": 1.920214616863845,
  "final_pnl_by_symbol": {
    "(1, 1)": 3.0158173084318918,
    "(1, 28)": -1.0956026915680468
  },
  "sharpe": 0.01919669637292683,
  "sortino": 0.007022937903536214,
  "sharpe_std": 0.01471151349937002,
  "pct_positive_buckets": 0.8,
  "warnings": []
}
