{
  "backtest_id": "019e3b18-3c75-7339-a6be-d23351efb204",
  "duration_seconds": 259199.95,
  "market_record_count": 2210350,
  "intent_record_count": 92818,
  "fill_count": 92818,
  "total_volume": 92.818,
  "total_notional": 7442519.611640001,
  "final_position": 0.0,
  "final_positions": {
    "(1, 1)": -0.001,
    "(1, 28)": 0.001
  },
  "total_fees": 2977.007844656,
  "final_pnl": -3134.127844656002,
  "final_pnl_by_symbol": {
    "(1, 1)": -1466.2328168560039,
    "(1, 28)": -1667.895027799998
  },
  "sharpe": -0.4584643264415307,
  "sortino": -0.3756238019180667,
  "sharpe_std": 0.021242402254914212,
  "pct_positive_buckets": 0.0,
  "warnings": []
}
