{
  "backtest_id": "019e3cc6-dde9-7ed4-8ec0-3be156440869",
  "duration_seconds": 259199.95,
  "market_record_count": 2210350,
  "intent_record_count": 256,
  "fill_count": 256,
  "total_volume": 0.256,
  "total_notional": 20704.533949999997,
  "final_position": 0.0,
  "final_positions": {
    "(1, 1)": 0.0,
    "(1, 28)": 0.0
  },
  "total_fees": 8.28181358,
  "final_pnl": -8.377643580000068,
  "final_pnl_by_symbol": {
    "(1, 1)": -3.986151180000064,
    "(1, 28)": -4.391492400000004
  },
  "sharpe": -0.0444951841796559,
  "sortino": -0.004094509200822282,
  "sharpe_std": 0.0452181702403218,
  "pct_positive_buckets": 0.2,
  "warnings": []
}
