{
  "backtest_id": "019e3151-8790-7821-9e5f-d356117588d0",
  "duration_seconds": 259199.95,
  "market_record_count": 2210350,
  "intent_record_count": 6856,
  "fill_count": 6856,
  "total_volume": 6.856,
  "total_notional": 550278.13892,
  "final_position": 0.0,
  "final_positions": {
    "(1, 1)": 0.0,
    "(1, 28)": 0.0
  },
  "total_fees": 0.06323543868467635,
  "final_pnl": 4.163584561346326,
  "final_pnl_by_symbol": {
    "(1, 1)": 10.646872280673094,
    "(1, 28)": -6.483287719326768
  },
  "sharpe": 0.02804076176739454,
  "sortino": 0.012720721512968918,
  "sharpe_std": 0.016962875191987095,
  "pct_positive_buckets": 1.0,
  "warnings": []
}
