{
  "backtest_id": "019e3164-98da-763e-8a36-528658c33b0f",
  "duration_seconds": 259199.95,
  "market_record_count": 2210350,
  "intent_record_count": 1716,
  "fill_count": 1716,
  "total_volume": 1.716,
  "total_notional": 137989.78503,
  "final_position": 0.0,
  "final_positions": {
    "(1, 1)": 0.0,
    "(1, 28)": 0.0
  },
  "total_fees": 0.015827306415242798,
  "final_pnl": 0.49618269359218914,
  "final_pnl_by_symbol": {
    "(1, 1)": 1.1595663467960406,
    "(1, 28)": -0.6633836532038515
  },
  "sharpe": 0.005392428621676761,
  "sortino": 0.0013859758690036705,
  "sharpe_std": 0.013338211590090911,
  "pct_positive_buckets": 0.6,
  "warnings": []
}
