{
  "backtest_id": "019e3336-e36f-7855-8cc1-a64afa28a651",
  "duration_seconds": 32399.284,
  "market_record_count": 245206,
  "intent_record_count": 77,
  "fill_count": 77,
  "total_volume": 7.7e-05,
  "total_notional": 6.166030999999999,
  "final_position": 1e-06,
  "final_positions": {
    "(1, 1)": 1e-06
  },
  "total_fees": 0.0007101996468378178,
  "final_pnl": 0.0001833003531626909,
  "final_pnl_by_symbol": {
    "(1, 1)": 0.0001833003531626909
  },
  "sharpe": 0.0043873138423495646,
  "sortino": 0.0049735078183087075,
  "sharpe_std": 0.03430567035307246,
  "pct_positive_buckets": 0.6,
  "warnings": []
}
