{
  "backtest_id": "019e3332-1c36-79c4-9516-c05e624315bd",
  "duration_seconds": 32399.284,
  "market_record_count": 245206,
  "intent_record_count": 81,
  "fill_count": 81,
  "total_volume": 8.099999999999999e-05,
  "total_notional": 6.485682,
  "final_position": -1e-06,
  "final_positions": {
    "(1, 1)": -1e-06
  },
  "total_fees": 0.000747093134985237,
  "final_pnl": -0.00039559313498474524,
  "final_pnl_by_symbol": {
    "(1, 1)": -0.00039559313498474524
  },
  "sharpe": -0.010688019836151147,
  "sortino": -0.010884740213491857,
  "sharpe_std": 0.042169622472802176,
  "pct_positive_buckets": 0.6,
  "warnings": []
}
