{
  "backtest_id": "019e3335-f674-72eb-bce8-c187065d64d0",
  "duration_seconds": 32399.284,
  "market_record_count": 245206,
  "intent_record_count": 95,
  "fill_count": 95,
  "total_volume": 9.499999999999999e-05,
  "total_notional": 7.610735999999999,
  "final_position": -1e-06,
  "final_positions": {
    "(1, 1)": -1e-06
  },
  "total_fees": 0.0008762203435012038,
  "final_pnl": 0.000415279656499401,
  "final_pnl_by_symbol": {
    "(1, 1)": 0.000415279656499401
  },
  "sharpe": 0.010508864285165134,
  "sortino": 0.010950594011720842,
  "sharpe_std": 0.03385668645242989,
  "pct_positive_buckets": 0.6,
  "warnings": []
}
