{
  "backtest_id": "019e3cc6-875d-7b91-ba30-3963d53fdcf7",
  "duration_seconds": 259199.95,
  "market_record_count": 2210350,
  "intent_record_count": 6480,
  "fill_count": 6480,
  "total_volume": 6.48,
  "total_notional": 521489.15755,
  "final_position": 0.0,
  "final_positions": {
    "(1, 1)": 0.0,
    "(1, 28)": 0.0
  },
  "total_fees": 208.59566302000002,
  "final_pnl": -202.29825301999998,
  "final_pnl_by_symbol": {
    "(1, 1)": -93.55829854799988,
    "(1, 28)": -108.7399544720001
  },
  "sharpe": -0.26007202017883263,
  "sortino": -0.13942555821508126,
  "sharpe_std": 0.06883070714865085,
  "pct_positive_buckets": 0.0,
  "warnings": []
}
