{
  "backtest_id": "019e3336-cba5-7b46-bc44-e227c5cd5067",
  "duration_seconds": 32399.284,
  "market_record_count": 245206,
  "intent_record_count": 73,
  "fill_count": 73,
  "total_volume": 7.3e-05,
  "total_notional": 5.850846,
  "final_position": -1e-06,
  "final_positions": {
    "(1, 1)": -1e-06
  },
  "total_fees": 0.0006733061586903987,
  "final_pnl": -0.000607806158689897,
  "final_pnl_by_symbol": {
    "(1, 1)": -0.000607806158689897
  },
  "sharpe": -0.015930151389952272,
  "sortino": -0.015979485737574895,
  "sharpe_std": 0.03819065459460202,
  "pct_positive_buckets": 0.4,
  "warnings": []
}
