{
  "backtest_id": "019e38c9-1586-779c-8103-12e53253a5a0",
  "duration_seconds": 259199.95,
  "market_record_count": 2210350,
  "intent_record_count": 217008,
  "fill_count": 217008,
  "total_volume": 217.008,
  "total_notional": 17401083.35292,
  "final_position": 0.0,
  "final_positions": {
    "(1, 1)": 0.0,
    "(1, 28)": 0.0
  },
  "total_fees": 6960.433341168,
  "final_pnl": -7339.738341168005,
  "final_pnl_by_symbol": {
    "(1, 1)": -3504.2783715560063,
    "(1, 28)": -3835.4599696119985
  },
  "sharpe": -0.5894185321541767,
  "sortino": -0.5238610513932782,
  "sharpe_std": 0.0227639952458211,
  "pct_positive_buckets": 0.0,
  "warnings": []
}
