{
  "backtest_id": "019e33e2-9b9d-7f4b-b089-c415212c2e27",
  "duration_seconds": 205199.535,
  "market_record_count": 1463076,
  "intent_record_count": 908,
  "fill_count": 908,
  "total_volume": 0.0908,
  "total_notional": 7282.028880000001,
  "final_position": 0.0,
  "final_positions": {
    "(1, 1)": 0.0
  },
  "total_fees": 0.008374821809464137,
  "final_pnl": 0.0887051781901782,
  "final_pnl_by_symbol": {
    "(1, 1)": 0.0887051781901782
  },
  "sharpe": 0.003555086508269814,
  "sortino": 0.0037028338641245176,
  "sharpe_std": 0.020932411015217634,
  "pct_positive_buckets": 0.4,
  "warnings": []
}
