{
  "backtest_id": "019e3193-c940-7dd1-a0c2-145676369683",
  "duration_seconds": 259199.95,
  "market_record_count": 2210350,
  "intent_record_count": 39822,
  "fill_count": 39822,
  "total_volume": 39.822,
  "total_notional": 3193303.1547600003,
  "final_position": 0.0,
  "final_positions": {
    "(1, 1)": -0.001,
    "(1, 28)": 0.001
  },
  "total_fees": 0.36729312125163094,
  "final_pnl": 14.865826878927706,
  "final_pnl_by_symbol": {
    "(1, 1)": 68.89270343946299,
    "(1, 28)": -54.026876560535285
  },
  "sharpe": 0.054143917623647536,
  "sortino": 0.052715947685745335,
  "sharpe_std": 0.008530159841916412,
  "pct_positive_buckets": 1.0,
  "warnings": []
}
