{
  "backtest_id": "019e319e-6580-7d9e-9777-ade40d283267",
  "duration_seconds": 259199.95,
  "market_record_count": 2210350,
  "intent_record_count": 17166,
  "fill_count": 17166,
  "total_volume": 17.166,
  "total_notional": 1376614.09048,
  "final_position": 0.0,
  "final_positions": {
    "(1, 1)": -0.001,
    "(1, 28)": 0.001
  },
  "total_fees": 0.1583284043846491,
  "final_pnl": 22.239351595692227,
  "final_pnl_by_symbol": {
    "(1, 1)": 43.23448579784589,
    "(1, 28)": -20.995134202153665
  },
  "sharpe": 0.09453396740574195,
  "sortino": 0.09468489731388878,
  "sharpe_std": 0.011366529000814033,
  "pct_positive_buckets": 1.0,
  "warnings": []
}
