{
  "backtest_id": "019e33ef-615b-7628-884c-cff68feb2ff3",
  "duration_seconds": 205199.535,
  "market_record_count": 1463076,
  "intent_record_count": 906,
  "fill_count": 906,
  "total_volume": 0.0906,
  "total_notional": 7266.05598,
  "final_position": 0.0,
  "final_positions": {
    "(1, 1)": 0.0
  },
  "total_fees": 0.008356375065390428,
  "final_pnl": 0.13422362493425766,
  "final_pnl_by_symbol": {
    "(1, 1)": 0.13422362493425766
  },
  "sharpe": 0.005386774530152263,
  "sortino": 0.005601495761688412,
  "sharpe_std": 0.019756437417923736,
  "pct_positive_buckets": 0.4,
  "warnings": []
}
