{
  "backtest_id": "019e38a6-66ce-7313-8a99-736b5a94f410",
  "duration_seconds": 259199.95,
  "market_record_count": 2210350,
  "intent_record_count": 22006,
  "fill_count": 22006,
  "total_volume": 22.006,
  "total_notional": 1764968.51096,
  "final_position": 0.0,
  "final_positions": {
    "(1, 1)": -0.001,
    "(1, 28)": 0.001
  },
  "total_fees": 0.2029695250430262,
  "final_pnl": 27.00219047505516,
  "final_pnl_by_symbol": {
    "(1, 1)": 54.716425237527176,
    "(1, 28)": -27.714234762472017
  },
  "sharpe": 0.1059948806742241,
  "sortino": 0.1152753379902989,
  "sharpe_std": 0.010898196713848984,
  "pct_positive_buckets": 1.0,
  "warnings": []
}
