{
  "backtest_id": "019e3196-74ab-7dc1-aad3-25425392bc1d",
  "duration_seconds": 259199.95,
  "market_record_count": 2210350,
  "intent_record_count": 19978,
  "fill_count": 19978,
  "total_volume": 19.978,
  "total_notional": 1602118.35948,
  "final_position": 0.0,
  "final_positions": {
    "(1, 1)": -0.001,
    "(1, 28)": 0.001
  },
  "total_fees": 0.18426452655228473,
  "final_pnl": 22.963795473536734,
  "final_pnl_by_symbol": {
    "(1, 1)": 47.82290773676796,
    "(1, 28)": -24.859112263231225
  },
  "sharpe": 0.09572282878229257,
  "sortino": 0.10086316973569825,
  "sharpe_std": 0.011217873353420156,
  "pct_positive_buckets": 1.0,
  "warnings": []
}
