{
  "backtest_id": "019e3160-09ab-7be0-943c-e93de6c05491",
  "duration_seconds": 259199.95,
  "market_record_count": 2210350,
  "intent_record_count": 10328,
  "fill_count": 10328,
  "total_volume": 10.328,
  "total_notional": 828943.78341,
  "final_position": 0.0,
  "final_positions": {
    "(1, 1)": 0.0,
    "(1, 28)": 0.0
  },
  "total_fees": 0.09525898639663613,
  "final_pnl": 11.996631013649605,
  "final_pnl_by_symbol": {
    "(1, 1)": 24.349840506824748,
    "(1, 28)": -12.353209493175143
  },
  "sharpe": 0.0668822591764753,
  "sortino": 0.04788703030403968,
  "sharpe_std": 0.009877302322061294,
  "pct_positive_buckets": 1.0,
  "warnings": []
}
