{
  "backtest_id": "019e33e5-c8d3-7ae5-a84b-8fc06f52be09",
  "duration_seconds": 205199.535,
  "market_record_count": 1463076,
  "intent_record_count": 1489,
  "fill_count": 1489,
  "total_volume": 0.1489,
  "total_notional": 11940.826720000001,
  "final_position": 0.0001,
  "final_positions": {
    "(1, 1)": 0.0001
  },
  "total_fees": 0.013733600962876763,
  "final_pnl": 0.3766363990365402,
  "final_pnl_by_symbol": {
    "(1, 1)": 0.3766363990365402
  },
  "sharpe": 0.014358487253568218,
  "sortino": 0.016451266264829772,
  "sharpe_std": 0.01576282788474603,
  "pct_positive_buckets": 0.6,
  "warnings": []
}
