{
  "backtest_id": "019e31bc-5733-7339-a015-a526d57c99ac",
  "duration_seconds": 259199.95,
  "market_record_count": 2210350,
  "intent_record_count": 24,
  "fill_count": 24,
  "total_volume": 1.1891800000000001,
  "total_notional": 95702.2658,
  "final_position": 0.010820000000000003,
  "final_positions": {
    "(1, 1)": 0.010820000000000003,
    "(1, 28)": 0.0
  },
  "total_fees": 0.00022136092888451464,
  "final_pnl": -15.361511360952022,
  "final_pnl_by_symbol": {
    "(1, 1)": -8.940590680483979,
    "(1, 28)": -6.420920680468043
  },
  "sharpe": -0.003966281362034939,
  "sortino": -0.004391947602469558,
  "sharpe_std": 0.01875966658305427,
  "pct_positive_buckets": 0.2,
  "warnings": []
}
