{
  "backtest_id": "019e315b-f937-782d-a024-cfc073f50cc3",
  "duration_seconds": 259199.95,
  "market_record_count": 2210350,
  "intent_record_count": 15844,
  "fill_count": 15844,
  "total_volume": 15.844000000000001,
  "total_notional": 1270959.36472,
  "final_position": 0.0,
  "final_positions": {
    "(1, 1)": 0.0,
    "(1, 28)": 0.0
  },
  "total_fees": 0.14613510655192707,
  "final_pnl": 7.614904893519139,
  "final_pnl_by_symbol": {
    "(1, 1)": 27.597492446759503,
    "(1, 28)": -19.982587553240364
  },
  "sharpe": 0.04133643545869319,
  "sortino": 0.025749715153198266,
  "sharpe_std": 0.014316484664504811,
  "pct_positive_buckets": 1.0,
  "warnings": []
}
