{
  "backtest_id": "019e3168-6063-7650-9e4c-89f56dc8d1d4",
  "duration_seconds": 259199.95,
  "market_record_count": 2210350,
  "intent_record_count": 1376,
  "fill_count": 1376,
  "total_volume": 1.3760000000000001,
  "total_notional": 110733.45683000001,
  "final_position": 0.0,
  "final_positions": {
    "(1, 1)": 0.0,
    "(1, 28)": 0.0
  },
  "total_fees": 0.012691359922712173,
  "final_pnl": 1.3488386400834145,
  "final_pnl_by_symbol": {
    "(1, 1)": 0.8232943200416827,
    "(1, 28)": 0.5255443200417318
  },
  "sharpe": 0.014168794256237533,
  "sortino": 0.004990465545547866,
  "sharpe_std": 0.0118535216852912,
  "pct_positive_buckets": 0.8,
  "warnings": []
}
