{
  "backtest_id": "019e319e-d051-7caf-a0dd-103d354731e2",
  "duration_seconds": 259199.95,
  "market_record_count": 2210350,
  "intent_record_count": 36250,
  "fill_count": 36250,
  "total_volume": 36.25,
  "total_notional": 2907018.8452399997,
  "final_position": 0.0,
  "final_positions": {
    "(1, 1)": -0.001,
    "(1, 28)": 0.001
  },
  "total_fees": 0.3343472363359857,
  "final_pnl": 17.668352763826405,
  "final_pnl_by_symbol": {
    "(1, 1)": 67.12951638191248,
    "(1, 28)": -49.461163618086076
  },
  "sharpe": 0.0660778454470156,
  "sortino": 0.06285977343366184,
  "sharpe_std": 0.010463007894191518,
  "pct_positive_buckets": 1.0,
  "warnings": []
}
