{
  "backtest_id": "019e33b4-a930-79c1-8a9f-f70594488db1",
  "duration_seconds": 32399.284,
  "market_record_count": 245206,
  "intent_record_count": 289,
  "fill_count": 289,
  "total_volume": 0.000289,
  "total_notional": 23.132675,
  "final_position": 1e-06,
  "final_positions": {
    "(1, 1)": 1e-06
  },
  "total_fees": 0.0026655545186510306,
  "final_pnl": -0.002424054518649202,
  "final_pnl_by_symbol": {
    "(1, 1)": -0.002424054518649202
  },
  "sharpe": -0.05915951715008357,
  "sortino": -0.06592797487960105,
  "sharpe_std": 0.04607659464761568,
  "pct_positive_buckets": 0.2,
  "warnings": []
}
