{
  "backtest_id": "019e333d-ad5d-7de9-92d4-60852451f42e",
  "duration_seconds": 32399.284,
  "market_record_count": 245206,
  "intent_record_count": 51,
  "fill_count": 51,
  "total_volume": 5.1e-05,
  "total_notional": 4.080713,
  "final_position": 1e-06,
  "final_positions": {
    "(1, 1)": 1e-06
  },
  "total_fees": 0.00047039197387959363,
  "final_pnl": -3.8891973879282005e-05,
  "final_pnl_by_symbol": {
    "(1, 1)": -3.8891973879282005e-05
  },
  "sharpe": -0.0009004049987861347,
  "sortino": -0.0009673753847736578,
  "sharpe_std": 0.0332876315044597,
  "pct_positive_buckets": 0.4,
  "warnings": []
}
