{
  "backtest_id": "019e33b6-d02c-7e72-bb65-fb2016d93c56",
  "duration_seconds": 32399.284,
  "market_record_count": 245206,
  "intent_record_count": 141,
  "fill_count": 141,
  "total_volume": 0.00014099999999999998,
  "total_notional": 11.286764999999999,
  "final_position": -1e-06,
  "final_positions": {
    "(1, 1)": -1e-06
  },
  "total_fees": 0.0013004954571965235,
  "final_pnl": -0.0012419954571956243,
  "final_pnl_by_symbol": {
    "(1, 1)": -0.0012419954571956243
  },
  "sharpe": -0.031322301809304176,
  "sortino": -0.03152288179923413,
  "sharpe_std": 0.04412961866978119,
  "pct_positive_buckets": 0.4,
  "warnings": []
}
