{
  "backtest_id": "019e3197-4958-7dfa-b27a-7da1e8054e05",
  "duration_seconds": 259199.95,
  "market_record_count": 2210350,
  "intent_record_count": 38454,
  "fill_count": 38454,
  "total_volume": 38.454,
  "total_notional": 3084005.5542200003,
  "final_position": 0.0,
  "final_positions": {
    "(1, 1)": -0.001,
    "(1, 28)": 0.001
  },
  "total_fees": 0.3546755483052136,
  "final_pnl": 16.575544451867316,
  "final_pnl_by_symbol": {
    "(1, 1)": 68.724822225933,
    "(1, 28)": -52.14927777406568
  },
  "sharpe": 0.06154486637805334,
  "sortino": 0.0593694868366601,
  "sharpe_std": 0.013749640745808324,
  "pct_positive_buckets": 1.0,
  "warnings": []
}
