{
  "backtest_id": "019e33b4-c5fc-70b4-a3cc-a0a55670abed",
  "duration_seconds": 32399.284,
  "market_record_count": 245206,
  "intent_record_count": 183,
  "fill_count": 183,
  "total_volume": 0.000183,
  "total_notional": 14.647617,
  "final_position": 1e-06,
  "final_positions": {
    "(1, 1)": 1e-06
  },
  "total_fees": 0.0016878770827444241,
  "final_pnl": -0.0006703770827432842,
  "final_pnl_by_symbol": {
    "(1, 1)": -0.0006703770827432842
  },
  "sharpe": -0.01679640625377636,
  "sortino": -0.01830296396275592,
  "sharpe_std": 0.04368666029206422,
  "pct_positive_buckets": 0.2,
  "warnings": []
}
