{
  "backtest_id": "019e31a1-4fec-7e7d-b91d-c2d5d0b57414",
  "duration_seconds": 259199.95,
  "market_record_count": 2210350,
  "intent_record_count": 30958,
  "fill_count": 30958,
  "total_volume": 30.958000000000002,
  "total_notional": 2482810.55738,
  "final_position": 0.0,
  "final_positions": {
    "(1, 1)": -0.001,
    "(1, 28)": 0.001
  },
  "total_fees": 0.2855371515169502,
  "final_pnl": 19.74486284862182,
  "final_pnl_by_symbol": {
    "(1, 1)": 61.417311424310185,
    "(1, 28)": -41.672448575688364
  },
  "sharpe": 0.07799340611263639,
  "sortino": 0.07280184030534609,
  "sharpe_std": 0.009850874950855147,
  "pct_positive_buckets": 1.0,
  "warnings": []
}
