{
  "backtest_id": "019e3193-f557-7d03-8e13-f1cdfd80ab83",
  "duration_seconds": 259199.95,
  "market_record_count": 2210350,
  "intent_record_count": 23006,
  "fill_count": 23006,
  "total_volume": 23.006,
  "total_notional": 1844639.12036,
  "final_position": 0.0,
  "final_positions": {
    "(1, 1)": -0.001,
    "(1, 28)": 0.001
  },
  "total_fees": 0.21219289707988098,
  "final_pnl": 23.455087103022564,
  "final_pnl_by_symbol": {
    "(1, 1)": 53.094653551510845,
    "(1, 28)": -29.63956644848828
  },
  "sharpe": 0.09194294597104284,
  "sortino": 0.09958088419497534,
  "sharpe_std": 0.013760714491425385,
  "pct_positive_buckets": 1.0,
  "warnings": []
}
