{
  "backtest_id": "019e3b18-37c8-7e90-96fc-c6bad048154f",
  "duration_seconds": 259199.95,
  "market_record_count": 2210350,
  "intent_record_count": 21086,
  "fill_count": 21086,
  "total_volume": 21.086000000000002,
  "total_notional": 1691135.81629,
  "final_position": 0.0,
  "final_positions": {
    "(1, 1)": -0.001,
    "(1, 28)": 0.001
  },
  "total_fees": 676.454326516,
  "final_pnl": -648.4537965160025,
  "final_pnl_by_symbol": {
    "(1, 1)": -285.89296510000264,
    "(1, 28)": -362.5608314159999
  },
  "sharpe": -0.4259571458176298,
  "sortino": -0.34227191877608565,
  "sharpe_std": 0.02306346446335675,
  "pct_positive_buckets": 0.0,
  "warnings": []
}
