{
  "backtest_id": "019e2c56-9a42-7130-98be-665ae3d6cf24",
  "duration_seconds": 79215.058,
  "market_record_count": 2043501,
  "intent_record_count": 143,
  "fill_count": 143,
  "total_volume": 1.4289399999999999,
  "total_notional": 115021.21447799998,
  "final_position": -0.01106,
  "final_positions": {
    "(1, 28)": 0.0,
    "(2, 1)": -0.01,
    "(1, 1)": -0.0010600000000000002
  },
  "total_fees": 0.0013189422012702331,
  "final_pnl": 11.020803057812344,
  "final_pnl_by_symbol": {
    "(1, 28)": -1.0374427218558822,
    "(2, 1)": 9.058528501516093,
    "(1, 1)": 2.999717278152133
  },
  "sharpe": 0.010720940378532398,
  "sortino": 0.014219453641220627,
  "sharpe_std": 0.032415551171440696,
  "pct_positive_buckets": 0.6,
  "warnings": []
}
