{
  "backtest_id": "019e3cc4-c8c1-7943-a348-ee73b6dd2fc2",
  "duration_seconds": 259199.95,
  "market_record_count": 2210350,
  "intent_record_count": 564,
  "fill_count": 564,
  "total_volume": 0.5640000000000001,
  "total_notional": 45477.91579,
  "final_position": 0.0,
  "final_positions": {
    "(1, 1)": 0.0,
    "(1, 28)": 0.0
  },
  "total_fees": 18.191166316,
  "final_pnl": -18.52091631600028,
  "final_pnl_by_symbol": {
    "(1, 1)": -8.720403992000158,
    "(1, 28)": -9.800512324000124
  },
  "sharpe": -0.0732831388305393,
  "sortino": -0.011220648042271677,
  "sharpe_std": 0.03283814832559312,
  "pct_positive_buckets": 0.0,
  "warnings": []
}
