{
  "backtest_id": "019e33b5-2c14-7171-9a76-fb783c2d4990",
  "duration_seconds": 32399.284,
  "market_record_count": 245206,
  "intent_record_count": 249,
  "fill_count": 249,
  "total_volume": 0.000249,
  "total_notional": 19.933052,
  "final_position": -1e-06,
  "final_positions": {
    "(1, 1)": -1e-06
  },
  "total_fees": 0.0022966196371768392,
  "final_pnl": -0.002449119637175201,
  "final_pnl_by_symbol": {
    "(1, 1)": -0.002449119637175201
  },
  "sharpe": -0.0628940279976244,
  "sortino": -0.06261689295351644,
  "sharpe_std": 0.06395437965158615,
  "pct_positive_buckets": 0.2,
  "warnings": []
}
