{
  "backtest_id": "019e33b2-26ec-77d2-b05a-a0b7a7d69e5c",
  "duration_seconds": 32399.284,
  "market_record_count": 245206,
  "intent_record_count": 205,
  "fill_count": 205,
  "total_volume": 0.000205,
  "total_notional": 16.413762,
  "final_position": -1e-06,
  "final_positions": {
    "(1, 1)": -1e-06
  },
  "total_fees": 0.0018907912675552292,
  "final_pnl": -0.0019912912675539157,
  "final_pnl_by_symbol": {
    "(1, 1)": -0.0019912912675539157
  },
  "sharpe": -0.049495104034128795,
  "sortino": -0.05152636670367583,
  "sharpe_std": 0.034138346637804844,
  "pct_positive_buckets": 0.0,
  "warnings": []
}
