{
  "backtest_id": "019e387b-b637-755f-b5d4-27a8f4b51482",
  "duration_seconds": 259199.95,
  "market_record_count": 2210350,
  "intent_record_count": 11786,
  "fill_count": 11786,
  "total_volume": 11.786,
  "total_notional": 945423.78362,
  "final_position": 0.0,
  "final_positions": {
    "(1, 1)": -0.001,
    "(1, 28)": 0.001
  },
  "total_fees": 0.1087066628263704,
  "final_pnl": 20.14827333722637,
  "final_pnl_by_symbol": {
    "(1, 1)": 31.877886668612902,
    "(1, 28)": -11.729613331386531
  },
  "sharpe": 0.08440432033356661,
  "sortino": 0.09722459659116005,
  "sharpe_std": 0.006404110090377634,
  "pct_positive_buckets": 1.0,
  "warnings": []
}
