{
  "backtest_id": "019e31bc-772a-7de5-b30f-cb54a2b056e5",
  "duration_seconds": 259199.95,
  "market_record_count": 2210350,
  "intent_record_count": 72,
  "fill_count": 72,
  "total_volume": 0.718,
  "total_notional": 57764.266540000004,
  "final_position": -0.002,
  "final_positions": {
    "(1, 1)": -0.002,
    "(1, 28)": 0.0
  },
  "total_fees": 0.0006640827866535439,
  "final_pnl": 4.216235917217091,
  "final_pnl_by_symbol": {
    "(1, 1)": 5.703627958608422,
    "(1, 28)": -1.487392041391331
  },
  "sharpe": 0.005962530701308896,
  "sortino": 0.006928401716248988,
  "sharpe_std": 0.020103076278790603,
  "pct_positive_buckets": 0.8,
  "warnings": []
}
