{
  "backtest_id": "019e2302-b44a-7fca-8911-450f3389013f",
  "duration_seconds": 79215.058,
  "market_record_count": 2043501,
  "intent_record_count": 4,
  "fill_count": 4,
  "total_volume": 0.4,
  "total_notional": 32414.570000000003,
  "final_position": 0.0,
  "final_positions": {
    "(1, 28)": 0.0,
    "(2, 1)": 0.2,
    "(1, 1)": -0.2
  },
  "total_fees": 3.689348814741911e-05,
  "final_pnl": -12.98003689349025,
  "final_pnl_by_symbol": {
    "(1, 28)": 0.0,
    "(2, 1)": -317.4800184467458,
    "(1, 1)": 304.49998155325557
  },
  "sharpe": -0.0011927110101038754,
  "sortino": -0.0016408869532707252,
  "sharpe_std": 0.0031693732605784525,
  "pct_positive_buckets": 0.4,
  "warnings": []
}
