{
  "backtest_id": "019e3334-4119-761f-a2da-58e45e9016d4",
  "duration_seconds": 32399.284,
  "market_record_count": 245206,
  "intent_record_count": 87,
  "fill_count": 87,
  "total_volume": 8.7e-05,
  "total_notional": 6.967130999999999,
  "final_position": -1e-06,
  "final_positions": {
    "(1, 1)": -1e-06
  },
  "total_fees": 0.0008024333672063655,
  "final_pnl": -0.0005139333672058155,
  "final_pnl_by_symbol": {
    "(1, 1)": -0.0005139333672058155
  },
  "sharpe": -0.012744632533143962,
  "sortino": -0.013922061903662955,
  "sharpe_std": 0.03070310160196475,
  "pct_positive_buckets": 0.2,
  "warnings": []
}
