{
  "backtest_id": "019e33d8-c33a-778a-a9d1-148e16f2509a",
  "duration_seconds": 205199.535,
  "market_record_count": 1463076,
  "intent_record_count": 1491,
  "fill_count": 1491,
  "total_volume": 0.1491,
  "total_notional": 11955.68542,
  "final_position": 0.0001,
  "final_positions": {
    "(1, 1)": 0.0001
  },
  "total_fees": 0.013752047706950472,
  "final_pnl": 0.5225179522924819,
  "final_pnl_by_symbol": {
    "(1, 1)": 0.5225179522924819
  },
  "sharpe": 0.020034403123226612,
  "sortino": 0.02313767220442126,
  "sharpe_std": 0.016812717760347772,
  "pct_positive_buckets": 0.8,
  "warnings": []
}
