{
  "backtest_id": "019e2311-afcb-7a85-8730-dc31556820f2",
  "duration_seconds": 79215.058,
  "market_record_count": 2043501,
  "intent_record_count": 4,
  "fill_count": 4,
  "total_volume": 0.4,
  "total_notional": 32252.309244,
  "final_position": 0.0,
  "final_positions": {
    "(1, 28)": 0.0,
    "(2, 1)": 0.2,
    "(1, 1)": -0.2
  },
  "total_fees": 3.689348814741911e-05,
  "final_pnl": -4.719280893486939,
  "final_pnl_by_symbol": {
    "(1, 28)": 0.0,
    "(2, 1)": -232.2192624467425,
    "(1, 1)": 227.49998155325557
  },
  "sharpe": -0.00041488118275659493,
  "sortino": -0.0006043809002641397,
  "sharpe_std": 0.0010024301761709055,
  "pct_positive_buckets": 0.4,
  "warnings": []
}
