{
  "backtest_id": "019e331f-66f9-7c97-9a10-b3d6b7956349",
  "duration_seconds": 32399.284,
  "market_record_count": 245206,
  "intent_record_count": 101,
  "fill_count": 101,
  "total_volume": 0.000101,
  "total_notional": 8.091477,
  "final_position": -1e-06,
  "final_positions": {
    "(1, 1)": -1e-06
  },
  "total_fees": 0.0009315605757223324,
  "final_pnl": 0.00021293942427835777,
  "final_pnl_by_symbol": {
    "(1, 1)": 0.00021293942427835777
  },
  "sharpe": 0.0054341341673892155,
  "sortino": 0.005933052646217236,
  "sharpe_std": 0.05395134670916193,
  "pct_positive_buckets": 0.8,
  "warnings": []
}
