{
  "backtest_id": "019e388c-480d-7b06-be59-7bbab640c814",
  "duration_seconds": 259199.95,
  "market_record_count": 2210350,
  "intent_record_count": 19874,
  "fill_count": 19874,
  "total_volume": 19.874,
  "total_notional": 1593666.86625,
  "final_position": 0.0,
  "final_positions": {
    "(1, 1)": -0.001,
    "(1, 28)": 0.001
  },
  "total_fees": 0.18330529586045183,
  "final_pnl": 23.34934470422772,
  "final_pnl_by_symbol": {
    "(1, 1)": 48.7305373521136,
    "(1, 28)": -25.381192647885882
  },
  "sharpe": 0.09461774060411876,
  "sortino": 0.09920631412369171,
  "sharpe_std": 0.011434388139261478,
  "pct_positive_buckets": 1.0,
  "warnings": []
}
